{
    "counter": {
        "ACTIVE": 222,
        "INACTIVE": 4,
        "INVALID": 0,
        "MALICIOUS": 0,
        "SANE": 0,
        "VALID": 0,
        "total": 226
    },
    "percentage": {
        "ACTIVE": 98.23008849557522,
        "INACTIVE": 2.0833333333333335,
        "INVALID": 0,
        "MALICIOUS": 0,
        "SANE": 0,
        "VALID": 0,
        "total": 100.31342182890855
    }
}