{
    "counter": {
        "ACTIVE": 956,
        "INACTIVE": 1,
        "INVALID": 0,
        "MALICIOUS": 0,
        "SANE": 0,
        "VALID": 0,
        "total": 957
    },
    "percentage": {
        "ACTIVE": 99.89550679205851,
        "INACTIVE": 0.1865671641791045,
        "INVALID": 0,
        "MALICIOUS": 0,
        "SANE": 0,
        "VALID": 0,
        "total": 100.08207395623762
    }
}