{
    "counter": {
        "ACTIVE": 957,
        "INACTIVE": 2,
        "INVALID": 0,
        "MALICIOUS": 0,
        "SANE": 0,
        "VALID": 0,
        "total": 959
    },
    "percentage": {
        "ACTIVE": 99.79144942648593,
        "INACTIVE": 0.3442340791738382,
        "INVALID": 0,
        "MALICIOUS": 0,
        "SANE": 0,
        "VALID": 0,
        "total": 100.13568350565977
    }
}