{
    "counter": {
        "ACTIVE": 439,
        "INACTIVE": 1,
        "INVALID": 0,
        "MALICIOUS": 0,
        "SANE": 0,
        "VALID": 0,
        "total": 440
    },
    "percentage": {
        "ACTIVE": 99.77272727272727,
        "INACTIVE": 1.4285714285714286,
        "INVALID": 0,
        "MALICIOUS": 0,
        "SANE": 0,
        "VALID": 0,
        "total": 101.2012987012987
    }
}