{
    "counter": {
        "ACTIVE": 437,
        "INACTIVE": 1,
        "INVALID": 0,
        "MALICIOUS": 0,
        "SANE": 0,
        "VALID": 0,
        "total": 438
    },
    "percentage": {
        "ACTIVE": 99.77168949771689,
        "INACTIVE": 0.24937655860349128,
        "INVALID": 0,
        "MALICIOUS": 0,
        "SANE": 0,
        "VALID": 0,
        "total": 100.02106605632038
    }
}