{
    "counter": {
        "ACTIVE": 1161,
        "INACTIVE": 1972,
        "INVALID": 0,
        "MALICIOUS": 0,
        "SANE": 0,
        "VALID": 0,
        "total": 3133
    },
    "percentage": {
        "ACTIVE": 37.057133737631666,
        "INACTIVE": 63.08381317978247,
        "INVALID": 0,
        "MALICIOUS": 0,
        "SANE": 0,
        "VALID": 0,
        "total": 100.14094691741414
    }
}