{
    "counter": {
        "ACTIVE": 1125,
        "INACTIVE": 4441,
        "INVALID": 0,
        "MALICIOUS": 0,
        "SANE": 0,
        "VALID": 0,
        "total": 5566
    },
    "percentage": {
        "ACTIVE": 20.21200143729788,
        "INACTIVE": 79.78799856270211,
        "INVALID": 0.0,
        "MALICIOUS": 0.0,
        "SANE": 0.0,
        "VALID": 0.0,
        "total": 100.0
    }
}