{
    "counter": {
        "ACTIVE": 436,
        "INACTIVE": 1,
        "INVALID": 0,
        "MALICIOUS": 0,
        "SANE": 0,
        "VALID": 0,
        "total": 437
    },
    "percentage": {
        "ACTIVE": 99.77116704805492,
        "INACTIVE": 0.7142857142857143,
        "INVALID": 0,
        "MALICIOUS": 0,
        "SANE": 0,
        "VALID": 0,
        "total": 100.48545276234063
    }
}