{
    "counter": {
        "ACTIVE": 394,
        "INACTIVE": 2,
        "INVALID": 0,
        "MALICIOUS": 0,
        "SANE": 0,
        "VALID": 0,
        "total": 396
    },
    "percentage": {
        "ACTIVE": 99.4949494949495,
        "INACTIVE": 0.7843137254901961,
        "INVALID": 0,
        "MALICIOUS": 0,
        "SANE": 0,
        "VALID": 0,
        "total": 100.27926322043969
    }
}