{
    "counter": {
        "ACTIVE": 439,
        "INACTIVE": 2,
        "INVALID": 0,
        "MALICIOUS": 0,
        "SANE": 0,
        "VALID": 0,
        "total": 441
    },
    "percentage": {
        "ACTIVE": 99.54648526077098,
        "INACTIVE": 0.45558086560364464,
        "INVALID": 0,
        "MALICIOUS": 0,
        "SANE": 0,
        "VALID": 0,
        "total": 100.00206612637463
    }
}