{
    "counter": {
        "ACTIVE": 430,
        "INACTIVE": 4,
        "INVALID": 0,
        "MALICIOUS": 0,
        "SANE": 0,
        "VALID": 0,
        "total": 434
    },
    "percentage": {
        "ACTIVE": 99.07834101382488,
        "INACTIVE": 1.1494252873563218,
        "INVALID": 0,
        "MALICIOUS": 0,
        "SANE": 0,
        "VALID": 0,
        "total": 100.2277663011812
    }
}