{
    "counter": {
        "ACTIVE": 432,
        "INACTIVE": 4,
        "INVALID": 0,
        "MALICIOUS": 0,
        "SANE": 0,
        "VALID": 0,
        "total": 436
    },
    "percentage": {
        "ACTIVE": 99.08256880733946,
        "INACTIVE": 1.1560693641618498,
        "INVALID": 0,
        "MALICIOUS": 0,
        "SANE": 0,
        "VALID": 0,
        "total": 100.23863817150131
    }
}