{
    "counter": {
        "ACTIVE": 430,
        "INACTIVE": 2,
        "INVALID": 0,
        "MALICIOUS": 0,
        "SANE": 0,
        "VALID": 0,
        "total": 432
    },
    "percentage": {
        "ACTIVE": 99.53703703703704,
        "INACTIVE": 1.4388489208633093,
        "INVALID": 0,
        "MALICIOUS": 0,
        "SANE": 0,
        "VALID": 0,
        "total": 100.97588595790035
    }
}