{
    "counter": {
        "ACTIVE": 428,
        "INACTIVE": 4,
        "INVALID": 0,
        "MALICIOUS": 0,
        "SANE": 0,
        "VALID": 0,
        "total": 432
    },
    "percentage": {
        "ACTIVE": 99.07407407407408,
        "INACTIVE": 1.1627906976744187,
        "INVALID": 0,
        "MALICIOUS": 0,
        "SANE": 0,
        "VALID": 0,
        "total": 100.2368647717485
    }
}