{
    "counter": {
        "ACTIVE": 1100,
        "INACTIVE": 189,
        "INVALID": 0,
        "MALICIOUS": 0,
        "SANE": 0,
        "VALID": 0,
        "total": 1289
    },
    "percentage": {
        "ACTIVE": 85.33747090768037,
        "INACTIVE": 14.662529092319627,
        "INVALID": 0.0,
        "MALICIOUS": 0.0,
        "SANE": 0.0,
        "VALID": 0.0,
        "total": 100.0
    }
}