{
    "counter": {
        "ACTIVE": 1140,
        "INACTIVE": 1629,
        "INVALID": 0,
        "MALICIOUS": 0,
        "SANE": 0,
        "VALID": 0,
        "total": 2769
    },
    "percentage": {
        "ACTIVE": 41.95804195804196,
        "INACTIVE": 58.82990249187432,
        "INVALID": 0,
        "MALICIOUS": 0,
        "SANE": 0,
        "VALID": 0,
        "total": 100.78794444991628
    }
}