{
    "counter": {
        "ACTIVE": 432,
        "INACTIVE": 23,
        "INVALID": 0,
        "MALICIOUS": 0,
        "SANE": 0,
        "VALID": 0,
        "total": 455
    },
    "percentage": {
        "ACTIVE": 94.94505494505495,
        "INACTIVE": 5.168539325842697,
        "INVALID": 0,
        "MALICIOUS": 0,
        "SANE": 0,
        "VALID": 0,
        "total": 100.11359427089765
    }
}