{
    "counter": {
        "ACTIVE": 323,
        "INACTIVE": 4,
        "INVALID": 0,
        "MALICIOUS": 0,
        "SANE": 0,
        "VALID": 0,
        "total": 327
    },
    "percentage": {
        "ACTIVE": 98.77675840978593,
        "INACTIVE": 1.4234875444839858,
        "INVALID": 0,
        "MALICIOUS": 0,
        "SANE": 0,
        "VALID": 0,
        "total": 100.20024595426992
    }
}