{
    "counter": {
        "ACTIVE": 435,
        "INACTIVE": 2,
        "INVALID": 0,
        "MALICIOUS": 0,
        "SANE": 0,
        "VALID": 0,
        "total": 437
    },
    "percentage": {
        "ACTIVE": 99.54233409610984,
        "INACTIVE": 0.5115089514066496,
        "INVALID": 0,
        "MALICIOUS": 0,
        "SANE": 0,
        "VALID": 0,
        "total": 100.0538430475165
    }
}