{
    "counter": {
        "ACTIVE": 957,
        "INACTIVE": 6,
        "INVALID": 0,
        "MALICIOUS": 0,
        "SANE": 0,
        "VALID": 0,
        "total": 963
    },
    "percentage": {
        "ACTIVE": 99.37694704049844,
        "INACTIVE": 1.1152416356877324,
        "INVALID": 0,
        "MALICIOUS": 0,
        "SANE": 0,
        "VALID": 0,
        "total": 100.49218867618617
    }
}