{
    "counter": {
        "ACTIVE": 433,
        "INACTIVE": 28,
        "INVALID": 0,
        "MALICIOUS": 0,
        "SANE": 0,
        "VALID": 0,
        "total": 461
    },
    "percentage": {
        "ACTIVE": 93.92624728850325,
        "INACTIVE": 6.511627906976744,
        "INVALID": 0,
        "MALICIOUS": 0,
        "SANE": 0,
        "VALID": 0,
        "total": 100.43787519547999
    }
}