{
    "counter": {
        "ACTIVE": 1174,
        "INACTIVE": 3881,
        "INVALID": 0,
        "MALICIOUS": 0,
        "SANE": 0,
        "VALID": 0,
        "total": 5055
    },
    "percentage": {
        "ACTIVE": 23.224530168150345,
        "INACTIVE": 76.77546983184965,
        "INVALID": 0.0,
        "MALICIOUS": 0.0,
        "SANE": 0.0,
        "VALID": 0.0,
        "total": 100.0
    }
}