{
    "counter": {
        "ACTIVE": 394,
        "INACTIVE": 3,
        "INVALID": 0,
        "MALICIOUS": 0,
        "SANE": 0,
        "VALID": 0,
        "total": 397
    },
    "percentage": {
        "ACTIVE": 99.24433249370277,
        "INACTIVE": 2.8846153846153846,
        "INVALID": 0,
        "MALICIOUS": 0,
        "SANE": 0,
        "VALID": 0,
        "total": 102.12894787831816
    }
}