{
    "counter": {
        "ACTIVE": 223,
        "INACTIVE": 4,
        "INVALID": 0,
        "MALICIOUS": 0,
        "SANE": 0,
        "VALID": 0,
        "total": 227
    },
    "percentage": {
        "ACTIVE": 98.23788546255507,
        "INACTIVE": 2.0833333333333335,
        "INVALID": 0,
        "MALICIOUS": 0,
        "SANE": 0,
        "VALID": 0,
        "total": 100.3212187958884
    }
}