{
    "counter": {
        "ACTIVE": 1602,
        "INACTIVE": 255,
        "INVALID": 0,
        "MALICIOUS": 0,
        "SANE": 0,
        "VALID": 0,
        "total": 1857
    },
    "percentage": {
        "ACTIVE": 86.26817447495961,
        "INACTIVE": 13.731825525040387,
        "INVALID": 0.0,
        "MALICIOUS": 0.0,
        "SANE": 0.0,
        "VALID": 0.0,
        "total": 100.0
    }
}