{
    "counter": {
        "ACTIVE": 955,
        "INACTIVE": 3,
        "INVALID": 0,
        "MALICIOUS": 0,
        "SANE": 0,
        "VALID": 0,
        "total": 958
    },
    "percentage": {
        "ACTIVE": 99.68684759916492,
        "INACTIVE": 0.5300353356890459,
        "INVALID": 0,
        "MALICIOUS": 0,
        "SANE": 0,
        "VALID": 0,
        "total": 100.21688293485397
    }
}