{
    "counter": {
        "ACTIVE": 185,
        "INACTIVE": 4,
        "INVALID": 0,
        "MALICIOUS": 0,
        "SANE": 0,
        "VALID": 0,
        "total": 189
    },
    "percentage": {
        "ACTIVE": 97.88359788359789,
        "INACTIVE": 3.278688524590164,
        "INVALID": 0,
        "MALICIOUS": 0,
        "SANE": 0,
        "VALID": 0,
        "total": 101.16228640818805
    }
}