{
    "counter": {
        "ACTIVE": 1723,
        "INACTIVE": 1,
        "INVALID": 0,
        "MALICIOUS": 0,
        "SANE": 0,
        "VALID": 0,
        "total": 1724
    },
    "percentage": {
        "ACTIVE": 99.94199535962878,
        "INACTIVE": 0.058004640371229696,
        "INVALID": 0.0,
        "MALICIOUS": 0.0,
        "SANE": 0.0,
        "VALID": 0.0,
        "total": 100.0
    }
}