{
    "counter": {
        "ACTIVE": 432,
        "INACTIVE": 5,
        "INVALID": 0,
        "MALICIOUS": 0,
        "SANE": 0,
        "VALID": 0,
        "total": 437
    },
    "percentage": {
        "ACTIVE": 98.8558352402746,
        "INACTIVE": 1.1627906976744187,
        "INVALID": 0,
        "MALICIOUS": 0,
        "SANE": 0,
        "VALID": 0,
        "total": 100.01862593794903
    }
}