{
    "counter": {
        "ACTIVE": 439,
        "INACTIVE": 5,
        "INVALID": 0,
        "MALICIOUS": 0,
        "SANE": 0,
        "VALID": 0,
        "total": 444
    },
    "percentage": {
        "ACTIVE": 98.87387387387388,
        "INACTIVE": 1.243781094527363,
        "INVALID": 0,
        "MALICIOUS": 0,
        "SANE": 0,
        "VALID": 0,
        "total": 100.11765496840124
    }
}