{
    "counter": {
        "ACTIVE": 185,
        "INACTIVE": 1,
        "INVALID": 0,
        "MALICIOUS": 0,
        "SANE": 0,
        "VALID": 0,
        "total": 186
    },
    "percentage": {
        "ACTIVE": 99.46236559139786,
        "INACTIVE": 0.6711409395973155,
        "INVALID": 0,
        "MALICIOUS": 0,
        "SANE": 0,
        "VALID": 0,
        "total": 100.13350653099518
    }
}