{
    "counter": {
        "ACTIVE": 397,
        "INACTIVE": 1,
        "INVALID": 0,
        "MALICIOUS": 0,
        "SANE": 0,
        "VALID": 0,
        "total": 398
    },
    "percentage": {
        "ACTIVE": 99.74874371859296,
        "INACTIVE": 0.9615384615384616,
        "INVALID": 0,
        "MALICIOUS": 0,
        "SANE": 0,
        "VALID": 0,
        "total": 100.71028218013143
    }
}