{
    "counter": {
        "ACTIVE": 186,
        "INACTIVE": 1,
        "INVALID": 0,
        "MALICIOUS": 0,
        "SANE": 0,
        "VALID": 0,
        "total": 187
    },
    "percentage": {
        "ACTIVE": 99.46524064171123,
        "INACTIVE": 1.2658227848101267,
        "INVALID": 0,
        "MALICIOUS": 0,
        "SANE": 0,
        "VALID": 0,
        "total": 100.73106342652136
    }
}