{
    "counter": {
        "ACTIVE": 188,
        "INACTIVE": 169,
        "INVALID": 0,
        "MALICIOUS": 0,
        "SANE": 0,
        "VALID": 0,
        "total": 357
    },
    "percentage": {
        "ACTIVE": 52.95774647887324,
        "INACTIVE": 47.338935574229694,
        "INVALID": 0,
        "MALICIOUS": 0,
        "SANE": 0,
        "VALID": 0,
        "total": 100.29668205310293
    }
}