{
    "counter": {
        "ACTIVE": 957,
        "INACTIVE": 207,
        "INVALID": 0,
        "MALICIOUS": 0,
        "SANE": 0,
        "VALID": 0,
        "total": 1164
    },
    "percentage": {
        "ACTIVE": 82.21649484536083,
        "INACTIVE": 21.630094043887148,
        "INVALID": 0,
        "MALICIOUS": 0,
        "SANE": 0,
        "VALID": 0,
        "total": 103.84658888924798
    }
}