{
    "counter": {
        "ACTIVE": 961,
        "INACTIVE": 22,
        "INVALID": 0,
        "MALICIOUS": 0,
        "SANE": 0,
        "VALID": 0,
        "total": 983
    },
    "percentage": {
        "ACTIVE": 97.7619532044761,
        "INACTIVE": 2.561117578579744,
        "INVALID": 0,
        "MALICIOUS": 0,
        "SANE": 0,
        "VALID": 0,
        "total": 100.32307078305584
    }
}