{
    "counter": {
        "ACTIVE": 876,
        "INACTIVE": 1444,
        "INVALID": 0,
        "MALICIOUS": 0,
        "SANE": 0,
        "VALID": 0,
        "total": 2320
    },
    "percentage": {
        "ACTIVE": 37.758620689655174,
        "INACTIVE": 62.32196806214933,
        "INVALID": 0,
        "MALICIOUS": 0,
        "SANE": 0,
        "VALID": 0,
        "total": 100.0805887518045
    }
}