{
    "counter": {
        "ACTIVE": 436,
        "INACTIVE": 14,
        "INVALID": 0,
        "MALICIOUS": 0,
        "SANE": 0,
        "VALID": 0,
        "total": 450
    },
    "percentage": {
        "ACTIVE": 96.88888888888889,
        "INACTIVE": 3.203661327231121,
        "INVALID": 0,
        "MALICIOUS": 0,
        "SANE": 0,
        "VALID": 0,
        "total": 100.09255021612
    }
}