{
    "counter": {
        "ACTIVE": 186,
        "INACTIVE": 7,
        "INVALID": 0,
        "MALICIOUS": 0,
        "SANE": 0,
        "VALID": 0,
        "total": 193
    },
    "percentage": {
        "ACTIVE": 96.37305699481865,
        "INACTIVE": 4.022988505747127,
        "INVALID": 0,
        "MALICIOUS": 0,
        "SANE": 0,
        "VALID": 0,
        "total": 100.39604550056578
    }
}