{
    "counter": {
        "ACTIVE": 350,
        "INACTIVE": 1,
        "INVALID": 0,
        "MALICIOUS": 0,
        "SANE": 0,
        "VALID": 0,
        "total": 351
    },
    "percentage": {
        "ACTIVE": 99.71509971509971,
        "INACTIVE": 0.5050505050505051,
        "INVALID": 0,
        "MALICIOUS": 0,
        "SANE": 0,
        "VALID": 0,
        "total": 100.22015022015022
    }
}