{
    "counter": {
        "ACTIVE": 430,
        "INACTIVE": 1,
        "INVALID": 0,
        "MALICIOUS": 0,
        "SANE": 0,
        "VALID": 0,
        "total": 431
    },
    "percentage": {
        "ACTIVE": 99.76798143851508,
        "INACTIVE": 0.2386634844868735,
        "INVALID": 0,
        "MALICIOUS": 0,
        "SANE": 0,
        "VALID": 0,
        "total": 100.00664492300196
    }
}