{
    "counter": {
        "ACTIVE": 202,
        "INACTIVE": 15,
        "INVALID": 0,
        "MALICIOUS": 0,
        "SANE": 0,
        "VALID": 0,
        "total": 217
    },
    "percentage": {
        "ACTIVE": 93.08755760368663,
        "INACTIVE": 7.425742574257426,
        "INVALID": 0,
        "MALICIOUS": 0,
        "SANE": 0,
        "VALID": 0,
        "total": 100.51330017794406
    }
}