{
    "counter": {
        "ACTIVE": 387,
        "INACTIVE": 4,
        "INVALID": 0,
        "MALICIOUS": 0,
        "SANE": 0,
        "VALID": 0,
        "total": 391
    },
    "percentage": {
        "ACTIVE": 98.9769820971867,
        "INACTIVE": 1.3071895424836601,
        "INVALID": 0,
        "MALICIOUS": 0,
        "SANE": 0,
        "VALID": 0,
        "total": 100.28417163967036
    }
}