{
    "counter": {
        "ACTIVE": 1114,
        "INACTIVE": 3160,
        "INVALID": 0,
        "MALICIOUS": 0,
        "SANE": 0,
        "VALID": 0,
        "total": 4274
    },
    "percentage": {
        "ACTIVE": 26.06457650912494,
        "INACTIVE": 73.93542349087505,
        "INVALID": 0.0,
        "MALICIOUS": 0.0,
        "SANE": 0.0,
        "VALID": 0.0,
        "total": 100.0
    }
}