{
    "counter": {
        "ACTIVE": 955,
        "INACTIVE": 2,
        "INVALID": 0,
        "MALICIOUS": 0,
        "SANE": 0,
        "VALID": 0,
        "total": 957
    },
    "percentage": {
        "ACTIVE": 99.79101358411704,
        "INACTIVE": 0.5830903790087464,
        "INVALID": 0,
        "MALICIOUS": 0,
        "SANE": 0,
        "VALID": 0,
        "total": 100.37410396312579
    }
}