{
    "counter": {
        "ACTIVE": 707,
        "INACTIVE": 254,
        "INVALID": 0,
        "MALICIOUS": 0,
        "SANE": 0,
        "VALID": 0,
        "total": 961
    },
    "percentage": {
        "ACTIVE": 73.56919875130073,
        "INACTIVE": 30.528846153846153,
        "INVALID": 0,
        "MALICIOUS": 0,
        "SANE": 0,
        "VALID": 0,
        "total": 104.09804490514688
    }
}