{
    "counter": {
        "ACTIVE": 958,
        "INACTIVE": 7,
        "INVALID": 0,
        "MALICIOUS": 0,
        "SANE": 0,
        "VALID": 0,
        "total": 965
    },
    "percentage": {
        "ACTIVE": 99.27461139896373,
        "INACTIVE": 1.3108614232209739,
        "INVALID": 0,
        "MALICIOUS": 0,
        "SANE": 0,
        "VALID": 0,
        "total": 100.5854728221847
    }
}