{
    "counter": {
        "ACTIVE": 385,
        "INACTIVE": 1,
        "INVALID": 0,
        "MALICIOUS": 0,
        "SANE": 0,
        "VALID": 0,
        "total": 386
    },
    "percentage": {
        "ACTIVE": 99.74093264248705,
        "INACTIVE": 2.2222222222222223,
        "INVALID": 0,
        "MALICIOUS": 0,
        "SANE": 0,
        "VALID": 0,
        "total": 101.96315486470928
    }
}