{
    "counter": {
        "ACTIVE": 323,
        "INACTIVE": 15,
        "INVALID": 0,
        "MALICIOUS": 0,
        "SANE": 0,
        "VALID": 0,
        "total": 338
    },
    "percentage": {
        "ACTIVE": 95.56213017751479,
        "INACTIVE": 4.702194357366771,
        "INVALID": 0,
        "MALICIOUS": 0,
        "SANE": 0,
        "VALID": 0,
        "total": 100.26432453488155
    }
}