{
    "counter": {
        "ACTIVE": 386,
        "INACTIVE": 38,
        "INVALID": 0,
        "MALICIOUS": 0,
        "SANE": 0,
        "VALID": 0,
        "total": 424
    },
    "percentage": {
        "ACTIVE": 91.0377358490566,
        "INACTIVE": 11.242603550295858,
        "INVALID": 0,
        "MALICIOUS": 0,
        "SANE": 0,
        "VALID": 0,
        "total": 102.28033939935246
    }
}