{
    "counter": {
        "ACTIVE": 436,
        "INACTIVE": 5,
        "INVALID": 0,
        "MALICIOUS": 0,
        "SANE": 0,
        "VALID": 0,
        "total": 441
    },
    "percentage": {
        "ACTIVE": 98.86621315192744,
        "INACTIVE": 1.404494382022472,
        "INVALID": 0,
        "MALICIOUS": 0,
        "SANE": 0,
        "VALID": 0,
        "total": 100.27070753394992
    }
}