{
    "counter": {
        "ACTIVE": 427,
        "INACTIVE": 1,
        "INVALID": 0,
        "MALICIOUS": 0,
        "SANE": 0,
        "VALID": 0,
        "total": 428
    },
    "percentage": {
        "ACTIVE": 99.76635514018692,
        "INACTIVE": 0.2597402597402597,
        "INVALID": 0,
        "MALICIOUS": 0,
        "SANE": 0,
        "VALID": 0,
        "total": 100.02609539992717
    }
}