{
    "counter": {
        "ACTIVE": 976,
        "INACTIVE": 2,
        "INVALID": 0,
        "MALICIOUS": 0,
        "SANE": 0,
        "VALID": 0,
        "total": 978
    },
    "percentage": {
        "ACTIVE": 99.79550102249489,
        "INACTIVE": 0.29985007496251875,
        "INVALID": 0,
        "MALICIOUS": 0,
        "SANE": 0,
        "VALID": 0,
        "total": 100.09535109745741
    }
}