{
    "counter": {
        "ACTIVE": 872,
        "INACTIVE": 1087,
        "INVALID": 0,
        "MALICIOUS": 0,
        "SANE": 0,
        "VALID": 0,
        "total": 1959
    },
    "percentage": {
        "ACTIVE": 69.98394863563404,
        "INACTIVE": 55.487493619193465,
        "INVALID": 0,
        "MALICIOUS": 0,
        "SANE": 0,
        "VALID": 0,
        "total": 125.47144225482751
    }
}