{
    "counter": {
        "ACTIVE": 185,
        "INACTIVE": 7,
        "INVALID": 0,
        "MALICIOUS": 0,
        "SANE": 0,
        "VALID": 0,
        "total": 192
    },
    "percentage": {
        "ACTIVE": 96.35416666666667,
        "INACTIVE": 4.069767441860465,
        "INVALID": 0,
        "MALICIOUS": 0,
        "SANE": 0,
        "VALID": 0,
        "total": 100.42393410852713
    }
}