{
    "counter": {
        "ACTIVE": 424,
        "INACTIVE": 12,
        "INVALID": 0,
        "MALICIOUS": 0,
        "SANE": 0,
        "VALID": 0,
        "total": 436
    },
    "percentage": {
        "ACTIVE": 97.24770642201835,
        "INACTIVE": 3.592814371257485,
        "INVALID": 0,
        "MALICIOUS": 0,
        "SANE": 0,
        "VALID": 0,
        "total": 100.84052079327584
    }
}