{
    "counter": {
        "ACTIVE": 388,
        "INACTIVE": 1,
        "INVALID": 0,
        "MALICIOUS": 0,
        "SANE": 0,
        "VALID": 0,
        "total": 389
    },
    "percentage": {
        "ACTIVE": 99.74293059125964,
        "INACTIVE": 0.3424657534246575,
        "INVALID": 0,
        "MALICIOUS": 0,
        "SANE": 0,
        "VALID": 0,
        "total": 100.0853963446843
    }
}