{
    "counter": {
        "ACTIVE": 349,
        "INACTIVE": 50,
        "INVALID": 0,
        "MALICIOUS": 0,
        "SANE": 0,
        "VALID": 0,
        "total": 399
    },
    "percentage": {
        "ACTIVE": 87.468671679198,
        "INACTIVE": 18.315018315018314,
        "INVALID": 0,
        "MALICIOUS": 0,
        "SANE": 0,
        "VALID": 0,
        "total": 105.7836899942163
    }
}