{
    "counter": {
        "ACTIVE": 399,
        "INACTIVE": 350,
        "INVALID": 0,
        "MALICIOUS": 0,
        "SANE": 0,
        "VALID": 0,
        "total": 749
    },
    "percentage": {
        "ACTIVE": 53.271028037383175,
        "INACTIVE": 50.72463768115942,
        "INVALID": 0,
        "MALICIOUS": 0,
        "SANE": 0,
        "VALID": 0,
        "total": 103.9956657185426
    }
}