{
    "counter": {
        "ACTIVE": 395,
        "INACTIVE": 4,
        "INVALID": 0,
        "MALICIOUS": 0,
        "SANE": 0,
        "VALID": 0,
        "total": 399
    },
    "percentage": {
        "ACTIVE": 98.99749373433583,
        "INACTIVE": 1.3114754098360655,
        "INVALID": 0,
        "MALICIOUS": 0,
        "SANE": 0,
        "VALID": 0,
        "total": 100.3089691441719
    }
}