{
    "counter": {
        "ACTIVE": 433,
        "INACTIVE": 5,
        "INVALID": 0,
        "MALICIOUS": 0,
        "SANE": 0,
        "VALID": 0,
        "total": 438
    },
    "percentage": {
        "ACTIVE": 98.85844748858447,
        "INACTIVE": 1.557632398753894,
        "INVALID": 0,
        "MALICIOUS": 0,
        "SANE": 0,
        "VALID": 0,
        "total": 100.41607988733837
    }
}