{
    "counter": {
        "ACTIVE": 1143,
        "INACTIVE": 4500,
        "INVALID": 0,
        "MALICIOUS": 0,
        "SANE": 0,
        "VALID": 0,
        "total": 5643
    },
    "percentage": {
        "ACTIVE": 20.25518341307815,
        "INACTIVE": 79.74481658692186,
        "INVALID": 0.0,
        "MALICIOUS": 0.0,
        "SANE": 0.0,
        "VALID": 0.0,
        "total": 100.0
    }
}